{
  "project_info": {
    "project_number": "586672731417",
    "firebase_url": "https://depostock-kimlik.firebaseio.com",
    "project_id": "depostock-kimlik",
    "storage_bucket": "depostock-kimlik.appspot.com"
  },
  "client": [
    {
      "client_info": {
        "mobilesdk_app_id": "1:586672731417:android:c722f24ab5fdf8eb",
        "android_client_info": {
          "package_name": "com.example.etoo.productinventory"
        }
      },
      "oauth_client": [
        {
          "client_id": "586672731417-bu46r38objqcom7mgtebu21b30e66t04.apps.googleusercontent.com",
          "client_type": 1,
          "android_info": {
            "package_name": "com.example.etoo.productinventory",
            "certificate_hash": "34185d840ae86be1915a213c04bb4ed25383e87d"
          }
        },
        {
          "client_id": "586672731417-4648nj410p2emosdd14hsdssl6e33213.apps.googleusercontent.com",
          "client_type": 3
        }
      ],
      "api_key": [
        {
          "current_key": "AIzaSyBPJa4ibzfyrgIRXa1oLw_PuR-E2utha6A"
        }
      ],
      "services": {
        "analytics_service": {
          "status": 1
        },
        "appinvite_service": {
          "status": 2,
          "other_platform_oauth_client": [
            {
              "client_id": "586672731417-4648nj410p2emosdd14hsdssl6e33213.apps.googleusercontent.com",
              "client_type": 3
            }
          ]
        },
        "ads_service": {
          "status": 2
        }
      }
    }
  ],
  "configuration_version": "1"
}